chrom,bin_Mb,n,mean_baf,dev,med_dp,dp_ratio
1,0,3830,0.4729,0.089,44.0,1.0
1,5,3533,0.4962,0.0687,45.0,1.0227
1,10,3609,0.4745,0.0807,46.0,1.0455
1,15,6976,0.4511,0.1108,49.0,1.1136
1,20,4033,0.492,0.0701,45.0,1.0227
1,25,2277,0.4933,0.0662,45.0,1.0227
1,30,3170,0.4963,0.0681,44.0,1.0
1,35,3155,0.4979,0.0655,45.0,1.0227
1,40,3018,0.4982,0.0666,45.0,1.0227
1,45,3563,0.4958,0.0691,43.0,0.9773
1,50,2167,0.4949,0.063,45.0,1.0227
1,55,4094,0.4932,0.0654,44.0,1.0
1,60,3399,0.4956,0.0648,44.0,1.0
1,65,4716,0.4932,0.0664,43.0,0.9773
1,70,2775,0.4967,0.0658,44.0,1.0
1,75,3850,0.4985,0.0643,43.0,0.9773
1,80,3860,0.4942,0.0685,44.0,1.0
1,85,3021,0.4913,0.0699,44.0,1.0
1,90,3997,0.4989,0.0644,44.0,1.0
1,95,3608,0.4983,0.0683,44.0,1.0
1,100,3993,0.4962,0.0672,43.0,0.9773
1,105,3518,0.4964,0.0665,44.0,1.0
1,110,3681,0.4967,0.0659,44.0,1.0
1,115,3135,0.4969,0.0686,43.0,0.9773
1,120,5491,0.3596,0.2103,41.0,0.9318
1,125,1217,0.3032,0.2227,57.0,1.2955
1,140,2041,0.3348,0.2209,50.0,1.1364
1,145,3223,0.4517,0.0981,42.0,0.9545
1,150,3499,0.4956,0.0684,45.0,1.0227
1,155,4116,0.4989,0.0643,43.5,0.9886
1,160,4868,0.4923,0.0721,45.0,1.0227
1,165,5020,0.5,0.0646,44.0,1.0
1,170,3174,0.497,0.0652,44.0,1.0
1,175,3492,0.4955,0.0638,45.0,1.0227
1,180,2953,0.4943,0.0666,44.0,1.0
1,185,4537,0.4982,0.0666,43.0,0.9773
1,190,4077,0.4984,0.0663,43.0,0.9773
1,195,3523,0.4973,0.0658,43.0,0.9773
1,200,4073,0.5002,0.0641,45.0,1.0227
1,205,3879,0.4948,0.0655,45.0,1.0227
1,210,4265,0.4991,0.0643,45.0,1.0227
1,215,4309,0.4942,0.0661,44.0,1.0
1,220,3577,0.4946,0.0658,43.0,0.9773
1,225,4176,0.4959,0.0674,44.0,1.0
1,230,4257,0.4955,0.0704,45.0,1.0227
1,235,4420,0.4978,0.0654,45.0,1.0227
1,240,5169,0.4951,0.0674,45.0,1.0227
1,245,4290,0.4903,0.0727,44.0,1.0
20,0,4064,0.4959,0.0666,44.0,1.0
20,5,4476,0.4976,0.0642,44.5,1.0114
20,10,4685,0.4952,0.0661,44.0,1.0
20,15,4447,0.4973,0.0636,45.0,1.0227
20,20,3649,0.4966,0.0655,43.0,0.9773
20,25,15789,0.3994,0.1955,61.0,1.3864
20,30,8249,0.41,0.1574,54.0,1.2273
20,35,2548,0.497,0.0645,45.0,1.0227
20,40,3705,0.4981,0.0678,45.0,1.0227
20,45,3222,0.4958,0.0667,45.0,1.0227
20,50,4577,0.5013,0.0644,45.0,1.0227
20,55,3847,0.4976,0.0652,45.0,1.0227
20,60,4542,0.4992,0.0654,45.0,1.0227
21,5,8321,0.3379,0.2265,94.0,2.1364
21,10,7828,0.3671,0.188,91.0,2.0682
21,15,4224,0.4962,0.0652,44.0,1.0
21,20,4567,0.499,0.0662,44.0,1.0
21,25,4145,0.4967,0.0643,45.0,1.0227
21,30,4339,0.4988,0.0624,46.0,1.0455
21,35,4159,0.4984,0.0643,45.0,1.0227
21,40,4452,0.4969,0.0648,45.0,1.0227
21,45,1506,0.4955,0.0703,44.0,1.0
22,10,11275,0.3377,0.2206,90.0,2.0455
22,15,5654,0.3999,0.147,49.0,1.1136
22,20,5892,0.4315,0.1163,45.0,1.0227
22,25,3894,0.4941,0.068,46.0,1.0455
22,30,3968,0.4959,0.0644,46.0,1.0455
22,35,4528,0.4985,0.0641,46.0,1.0455
22,40,3467,0.4979,0.0658,46.0,1.0455
22,45,5568,0.4955,0.0651,45.0,1.0227
22,50,819,0.4936,0.0689,45.0,1.0227
