chrom,n,median_dp,mean_|BAF-0.5|,baf_sd,frac_outside_0.4-0.6,dp_ratio,baf_dev_z
1,179407.0,44.0,0.07597,0.10237,0.24821,1.0,2.05774
2,184805.0,44.0,0.06952,0.09113,0.22403,1.0,-0.35234
3,158855.0,44.0,0.06976,0.09192,0.22452,1.0,-0.26253
4,160927.0,44.0,0.07056,0.0936,0.22607,1.0,0.03727
5,142527.0,44.0,0.06921,0.0908,0.22316,1.0,-0.46713
6,149420.0,44.0,0.07111,0.09388,0.23139,1.0,0.24251
7,130199.0,44.0,0.07802,0.105,0.25748,1.0,2.82119
8,117050.0,44.0,0.06944,0.09147,0.22294,1.0,-0.38095
9,100775.0,44.0,0.07463,0.09941,0.24621,1.0,1.55577
10,118203.0,44.0,0.0783,0.10638,0.25461,1.0,2.92749
11,110984.0,44.0,0.06899,0.09002,0.22285,1.0,-0.55051
12,101907.0,44.0,0.07036,0.0928,0.22611,1.0,-0.03727
13,81890.0,44.0,0.07449,0.10064,0.24014,1.0,1.5043
14,70069.0,44.0,0.06832,0.08899,0.21809,1.0,-0.79847
15,60291.0,44.0,0.07018,0.09278,0.22639,1.0,-0.10456
16,69239.0,46.0,0.07762,0.10521,0.25317,1.04545,2.67286
17,58850.0,45.0,0.06942,0.0906,0.2235,1.02273,-0.39031
18,62057.0,44.0,0.07085,0.09439,0.22655,1.0,0.14697
19,55435.0,46.0,0.07541,0.10093,0.25116,1.04545,1.84681
20,43762.0,45.0,0.06541,0.0839,0.20458,1.02273,-1.88391
21,27392.0,45.0,0.06489,0.08303,0.20294,1.02273,-2.0801
22,33790.0,46.0,0.08802,0.11858,0.29133,1.04545,6.55512
